ds,yhat,yhat_lower,yhat_upper,cumulative_yhat
2024,67997.96560466714,67624.82555097372,68357.39692057912,806498.427831274
2025,69324.76134422462,68929.058146807,69728.43168504188,875823.1891754987
2026,70274.06338581357,69795.85917986781,70761.26904127897,946097.2525613123
2027,70848.24638155132,70242.85515902309,71428.79654925155,1016945.4989428637
2028,78645.54783369155,77925.99039089443,79353.1287592566,1095591.0467765552
